City_ID,City,Lat,Lng,Max Temp,Humidity,Cloudiness,Wind Speed,Country,Date
0,Albany,42.6001,-73.9662,293.51,79,0,2.13,US,2021-07-24 00:34:30
1,Cabot,34.9745,-92.0165,305.18,58,1,2.06,US,2021-07-24 00:41:35
2,Tasiilaq,65.6145,-37.6368,278.24,99,100,1.56,GL,2021-07-24 00:34:38
3,San Vicente,-26.6167,-54.1333,287.36,66,0,1.38,AR,2021-07-24 00:38:40
4,Tegal,-6.8694,109.1402,299.9,71,7,1.96,ID,2021-07-24 00:43:14
5,Te Anau,-45.4167,167.7167,282.97,75,13,0.63,NZ,2021-07-24 00:33:00
6,Rikitea,-23.1203,-134.9692,294.57,59,6,6.11,PF,2021-07-24 00:34:43
7,Tessalit,20.1986,1.0114,305.09,32,100,3.91,ML,2021-07-24 00:37:14
8,Vuktyl,63.8567,57.3094,285.28,63,98,4.16,RU,2021-07-24 00:43:15
9,Castro,-24.7911,-50.0119,283.82,78,0,1.6,BR,2021-07-24 00:35:11
10,Vaini,-21.2,-175.2,300.24,83,40,2.57,TO,2021-07-24 00:34:00
11,New Norfolk,-42.7826,147.0587,283.87,76,100,3.16,AU,2021-07-24 00:36:52
12,Xaxim,-26.9617,-52.5347,286.08,68,0,1.81,BR,2021-07-24 00:43:16
13,Nikolskoye,59.7035,30.7861,288.09,67,100,1.72,RU,2021-07-24 00:31:29
14,Meadow Lake,34.8014,-106.5436,298.23,39,79,5.97,US,2021-07-24 00:43:16
15,Sovetskaya Gavan,48.9723,140.2878,299.61,71,100,3.31,RU,2021-07-24 00:43:16
16,Glenwood Springs,39.5505,-107.3248,300.6,58,90,1.54,US,2021-07-24 00:43:17
17,Subtanjalla,-14.0189,-75.7581,287.45,75,2,0.9,PE,2021-07-24 00:43:17
18,Buchanan,5.8808,-10.0467,297.73,83,100,4.19,LR,2021-07-24 00:36:57
19,Ilulissat,69.2167,-51.1,279.16,87,75,3.09,GL,2021-07-24 00:35:32
20,Upernavik,72.7868,-56.1549,277.36,94,100,3.5,GL,2021-07-24 00:35:09
21,Ushuaia,-54.8,-68.3,275.96,75,75,4.63,AR,2021-07-24 00:33:53
22,Busselton,-33.65,115.3333,283.2,70,100,5.56,AU,2021-07-24 00:34:46
23,Hobart,-42.8794,147.3294,284.07,66,75,5.14,AU,2021-07-24 00:35:00
24,New Braunfels,29.703,-98.1245,306.22,64,1,1.34,US,2021-07-24 00:41:30
25,Tuktoyaktuk,69.4541,-133.0374,288.15,51,40,6.17,CA,2021-07-24 00:35:46
26,Barrow,71.2906,-156.7887,277.16,87,90,8.75,US,2021-07-24 00:35:34
27,Cristobal Obregon,16.35,-93.5333,301.74,89,13,1.71,MX,2021-07-24 00:43:18
28,Wanning,18.8003,110.3967,302.01,73,54,1.78,CN,2021-07-24 00:37:07
29,Tiksi,71.6872,128.8694,281.14,81,43,3.89,RU,2021-07-24 00:35:27
30,Cape Town,-33.9258,18.4232,283.12,57,0,1.34,ZA,2021-07-24 00:31:34
31,Cabo San Lucas,22.8909,-109.9124,310.1,48,1,5.14,MX,2021-07-24 00:31:20
32,Eunice,30.4944,-92.4176,305.13,82,100,3.33,US,2021-07-24 00:43:19
33,Jamestown,42.097,-79.2353,295.77,52,1,2.57,US,2021-07-24 00:34:23
34,Bluff,-46.6,168.3333,285.82,64,17,3.22,NZ,2021-07-24 00:33:54
35,Padang,-0.9492,100.3543,300.03,72,100,0.96,ID,2021-07-24 00:32:26
36,Manono,-7.3,27.4167,298.13,31,100,1.77,CD,2021-07-24 00:43:20
37,Cayenne,4.9333,-52.3333,300.98,80,0,1.79,GF,2021-07-24 00:37:00
38,Belmonte,-15.8631,-38.8828,293.43,79,100,4.35,BR,2021-07-24 00:43:21
39,De-Kastri,51.4667,140.7833,298.66,70,99,2.54,RU,2021-07-24 00:43:21
40,Yellowknife,62.456,-114.3525,296.44,53,75,7.2,CA,2021-07-24 00:31:49
41,Nalut,30.3333,10.85,299.94,20,0,4.51,LY,2021-07-24 00:43:21
42,Kapaa,22.0752,-159.319,302.14,81,90,2.24,US,2021-07-24 00:34:35
43,Palmer,42.1584,-72.3287,294.9,75,75,0.0,US,2021-07-24 00:39:05
44,Iqaluit,63.7506,-68.5145,284.0,62,75,5.36,CA,2021-07-24 00:32:22
45,Rakaia,-43.75,172.0167,284.16,63,0,3.68,NZ,2021-07-24 00:43:22
46,Dikson,73.5069,80.5464,280.44,74,100,10.49,RU,2021-07-24 00:33:56
47,Port-Gentil,-0.7193,8.7815,296.59,82,100,4.4,GA,2021-07-24 00:43:23
48,Porbandar,21.6422,69.6093,301.31,84,100,7.57,IN,2021-07-24 00:43:23
49,Hermanus,-34.4187,19.2345,281.62,66,0,4.39,ZA,2021-07-24 00:34:30
50,Bardiyah,31.7561,25.0865,298.47,63,0,7.71,LY,2021-07-24 00:43:23
51,Kassala,15.451,36.4,296.81,83,94,6.04,SD,2021-07-24 00:43:24
52,Cherskiy,68.75,161.3,285.2,57,98,4.95,RU,2021-07-24 00:33:11
53,Atuona,-9.8,-139.0333,298.16,78,25,4.98,PF,2021-07-24 00:34:56
54,Bredasdorp,-34.5322,20.0403,281.77,76,0,3.6,ZA,2021-07-24 00:31:32
55,Butaritari,3.0707,172.7902,301.55,77,0,7.35,KI,2021-07-24 00:34:21
56,Mayo,38.8876,-76.5119,299.74,66,1,0.0,US,2021-07-24 00:35:25
57,Watsa,3.0372,29.5355,290.82,97,91,0.8,CD,2021-07-24 00:43:25
58,Trairi,-3.2778,-39.2689,299.36,77,58,5.22,BR,2021-07-24 00:42:36
59,Khatanga,71.9667,102.5,286.44,62,97,1.86,RU,2021-07-24 00:35:13
60,Hamilton,39.1834,-84.5333,300.5,71,1,1.54,US,2021-07-24 00:35:50
61,Raudeberg,61.9875,5.1352,287.52,90,20,2.15,NO,2021-07-24 00:43:25
62,Kamenka,51.3223,42.7678,287.7,68,0,2.86,RU,2021-07-24 00:39:32
63,Port Lincoln,-34.7333,135.8667,285.38,71,100,13.23,AU,2021-07-24 00:34:53
64,Puerto Ayora,-0.7393,-90.3518,295.68,85,75,3.13,EC,2021-07-24 00:31:15
65,Helong,42.5397,128.9972,304.25,56,75,1.15,CN,2021-07-24 00:36:38
66,Walvis Bay,-22.9575,14.5053,292.68,11,0,9.26,NA,2021-07-24 00:33:05
67,Mataura,-46.1927,168.8643,285.64,65,16,1.76,NZ,2021-07-24 00:34:19
68,Port Hardy,50.6996,-127.4199,288.25,94,90,1.03,CA,2021-07-24 00:37:59
69,Ngunguru,-35.6167,174.5,287.35,70,10,2.82,NZ,2021-07-24 00:43:27
70,Lompoc,34.6391,-120.4579,302.67,71,20,6.69,US,2021-07-24 00:35:10
71,Yulara,-25.2406,130.9889,288.26,37,100,5.68,AU,2021-07-24 00:34:58
72,San Patricio,28.017,-97.5169,305.38,69,0,6.8,US,2021-07-24 00:35:05
73,Punta Arenas,-53.15,-70.9167,277.21,81,0,10.8,CL,2021-07-24 00:34:28
74,Corrales,35.2378,-106.6067,299.1,63,40,2.68,US,2021-07-24 00:43:28
75,Maningrida,-12.0667,134.2667,301.3,57,6,1.54,AU,2021-07-24 00:43:28
76,Vardo,70.3705,31.1107,280.93,83,100,16.43,NO,2021-07-24 00:35:24
77,Port Blair,11.6667,92.75,300.89,83,100,9.65,IN,2021-07-24 00:35:37
78,Rawson,-43.3002,-65.1023,281.52,39,52,4.4,AR,2021-07-24 00:39:19
79,Chokurdakh,70.6333,147.9167,280.63,62,98,6.35,RU,2021-07-24 00:34:14
80,Sioux Lookout,50.1001,-91.917,299.36,83,90,2.57,CA,2021-07-24 00:37:45
81,Ribeira Grande,38.5167,-28.7,294.86,95,99,3.33,PT,2021-07-24 00:36:29
82,Port Alfred,-33.5906,26.891,283.77,68,58,1.87,ZA,2021-07-24 00:34:42
83,Ancud,-41.8697,-73.8203,275.89,79,0,3.91,CL,2021-07-24 00:37:12
84,Georgetown,5.4112,100.3354,301.98,87,20,0.51,MY,2021-07-24 00:34:33
85,Saskylakh,71.9167,114.0833,284.57,76,100,7.26,RU,2021-07-24 00:35:48
86,Tautira,-17.7333,-149.15,302.16,67,0,3.57,PF,2021-07-24 00:43:30
87,Leningradskiy,69.3833,178.4167,278.21,77,99,2.98,RU,2021-07-24 00:34:08
88,Saint-Philippe,-21.3585,55.7679,291.92,73,37,2.65,RE,2021-07-24 00:31:39
89,Cap Malheureux,-19.9842,57.6142,293.42,79,29,1.34,MU,2021-07-24 00:43:30
90,Ahipara,-35.1667,173.1667,288.31,59,0,1.77,NZ,2021-07-24 00:31:28
91,Havre-Saint-Pierre,50.2334,-63.5986,286.35,100,90,1.03,CA,2021-07-24 00:34:29
92,Chifeng,42.2683,118.9636,300.3,59,99,3.89,CN,2021-07-24 00:39:10
93,Thompson,55.7435,-97.8558,293.24,56,75,8.23,CA,2021-07-24 00:31:58
94,Ponta Do Sol,32.6667,-17.1,294.66,77,1,2.58,PT,2021-07-24 00:34:16
95,Rantepao,-2.9701,119.8978,296.05,83,94,1.1,ID,2021-07-24 00:35:18
96,Souillac,-20.5167,57.5167,293.36,88,75,1.54,MU,2021-07-24 00:35:47
97,Saldanha,-33.0117,17.9442,278.18,64,0,3.89,ZA,2021-07-24 00:34:46
98,Elesbao Veloso,-6.2019,-42.1403,294.95,37,1,1.68,BR,2021-07-24 00:43:32
99,Loubomo,-4.1997,12.6739,291.38,91,3,1.24,CG,2021-07-24 00:43:32
100,Aykhal,66.0,111.5,289.77,73,100,7.86,RU,2021-07-24 00:35:33
101,Sitka,57.0531,-135.33,287.09,82,90,6.17,US,2021-07-24 00:37:24
102,Kununurra,-15.7667,128.7333,296.14,60,40,1.03,AU,2021-07-24 00:36:25
103,Hithadhoo,-0.6,73.0833,300.23,74,67,0.94,MV,2021-07-24 00:33:56
104,Lebu,-37.6167,-73.65,282.68,83,100,4.78,CL,2021-07-24 00:34:14
105,Havoysund,70.9963,24.6622,280.64,86,100,12.48,NO,2021-07-24 00:43:33
106,Ust-Omchug,61.15,149.6333,289.24,71,83,0.53,RU,2021-07-24 00:43:33
107,Chuy,-33.6971,-53.4616,288.19,89,5,1.98,UY,2021-07-24 00:35:55
108,Reconquista,-29.15,-59.65,291.23,51,0,3.8,AR,2021-07-24 00:43:34
109,Broome,42.2506,-75.833,295.47,67,1,3.09,US,2021-07-24 00:43:34
110,Port Elizabeth,-33.918,25.5701,281.31,81,0,1.54,ZA,2021-07-24 00:34:23
111,Bethel,41.3712,-73.414,296.86,72,75,2.57,US,2021-07-24 00:33:33
112,Kontagora,10.3999,5.4695,294.75,92,100,1.55,NG,2021-07-24 00:43:35
113,Manokwari,-0.8667,134.0833,298.25,86,100,1.92,ID,2021-07-24 00:36:24
114,Vila,42.0304,-8.1588,285.0,86,13,0.94,PT,2021-07-24 00:43:35
115,Nagorsk,59.3172,50.8078,284.21,97,100,3.57,RU,2021-07-24 00:43:36
116,Turayf,31.6725,38.6637,297.29,73,0,5.14,SA,2021-07-24 00:43:36
117,Zhigansk,66.7697,123.3711,295.29,43,98,4.15,RU,2021-07-24 00:36:44
118,Bontang,0.1333,117.5,300.59,78,100,3.87,ID,2021-07-24 00:40:14
119,Sakaiminato,35.55,133.2333,304.14,58,75,2.06,JP,2021-07-24 00:43:37
120,Zhaodong,46.0833,125.9833,301.16,58,42,6.95,CN,2021-07-24 00:43:37
121,Xichang,27.8964,102.2634,294.87,84,97,0.88,CN,2021-07-24 00:39:09
122,Kailua,21.4022,-157.7394,305.14,68,75,6.69,US,2021-07-24 00:42:01
123,Codrington,-38.2667,141.9667,282.66,81,78,7.43,AU,2021-07-24 00:35:11
124,Olden,61.8364,6.8064,287.74,82,100,0.3,NO,2021-07-24 00:43:38
125,Longyearbyen,78.2186,15.6401,280.06,87,75,2.57,SJ,2021-07-24 00:35:06
126,Necochea,-38.5473,-58.7368,282.06,72,100,5.29,AR,2021-07-24 00:43:38
127,North Platte,41.1239,-100.7654,307.6,37,1,1.79,US,2021-07-24 00:39:01
128,Avarua,-21.2078,-159.775,299.18,65,1,6.17,CK,2021-07-24 00:35:12
129,Paulista,-7.9408,-34.8731,296.07,78,4,6.21,BR,2021-07-24 00:43:39
130,Tupik,54.4253,119.9327,289.24,93,100,1.87,RU,2021-07-24 00:43:39
131,Tuscaloosa,33.2098,-87.5692,298.13,98,20,2.57,US,2021-07-24 00:43:40
132,Kenai,60.5544,-151.2583,291.01,73,90,2.06,US,2021-07-24 00:39:08
133,Filadelfia,39.9523,-75.1638,299.29,61,1,1.54,US,2021-07-24 00:38:44
134,Solnechnyy,50.7214,136.6319,305.87,45,10,2.3,RU,2021-07-24 00:43:40
135,Carnarvon,-24.8667,113.6333,287.19,61,90,4.12,AU,2021-07-24 00:35:14
136,Hami,42.8,93.45,301.85,49,74,7.45,CN,2021-07-24 00:34:33
137,Dunedin,-45.8742,170.5036,285.26,52,14,4.47,NZ,2021-07-24 00:36:02
138,Te Karaka,-38.4654,177.8679,285.58,82,59,1.35,NZ,2021-07-24 00:43:41
139,Makaha,21.4694,-158.2175,305.1,65,75,4.12,US,2021-07-24 00:43:41
140,Pevek,69.7008,170.3133,277.69,93,85,0.66,RU,2021-07-24 00:34:31
141,Hasaki,35.7333,140.8333,303.31,71,5,3.33,JP,2021-07-24 00:35:37
142,Martil,35.6166,-5.2752,301.14,88,0,2.57,MA,2021-07-24 00:43:42
143,Porto Belo,-27.1578,-48.5531,290.91,94,3,3.21,BR,2021-07-24 00:43:42
144,Umm Bab,25.2142,50.8072,305.97,63,0,1.31,QA,2021-07-24 00:43:43
145,Karla,59.3723,24.9275,289.13,77,0,2.06,EE,2021-07-24 00:43:43
146,Mahebourg,-20.4081,57.7,293.31,88,75,1.54,MU,2021-07-24 00:35:11
147,Torbay,47.6666,-52.7314,287.53,98,90,2.57,CA,2021-07-24 00:36:03
148,Galveston,29.3669,-94.9669,306.21,79,1,1.34,US,2021-07-24 00:43:44
149,Caravelas,-17.7125,-39.2481,293.94,75,100,3.74,BR,2021-07-24 00:33:59
150,Saint George,37.1041,-113.5841,310.51,23,75,3.13,US,2021-07-24 00:35:43
151,Ongandjera,-17.8833,15.0667,283.48,14,0,4.13,NA,2021-07-24 00:43:45
152,Nyurba,63.2842,118.3319,295.92,52,3,1.97,RU,2021-07-24 00:34:52
153,Chicama,-7.8447,-79.1469,291.45,81,61,3.19,PE,2021-07-24 00:43:45
154,Mercogliano,40.9221,14.7418,295.29,80,1,1.1,IT,2021-07-24 00:43:45
155,Katsuura,35.1333,140.3,302.21,70,4,2.89,JP,2021-07-24 00:34:44
156,Mar Del Plata,-38.0023,-57.5575,284.33,60,75,4.92,AR,2021-07-24 00:35:44
157,Husavik,66.0449,-17.3389,289.1,83,50,2.21,IS,2021-07-24 00:34:55
158,Vallenar,-28.5708,-70.7581,286.8,67,0,1.66,CL,2021-07-24 00:43:47
159,Araxa,-19.5933,-46.9406,290.13,51,0,3.6,BR,2021-07-24 00:43:47
160,Kyaukse,21.6,96.1333,300.53,78,53,3.62,MM,2021-07-24 00:43:48
161,Sharan,54.8167,54.0,288.07,63,45,1.55,RU,2021-07-24 00:43:48
162,Paamiut,61.994,-49.6678,279.05,89,100,4.95,GL,2021-07-24 00:35:51
163,Mehamn,71.0357,27.8492,280.17,90,100,14.26,NO,2021-07-24 00:37:14
164,Chara,56.9064,118.2631,290.57,73,100,2.26,RU,2021-07-24 00:43:48
165,Arraial Do Cabo,-22.9661,-42.0278,293.94,70,0,9.04,BR,2021-07-24 00:34:26
166,Bac Lieu,9.285,105.7244,301.5,78,97,6.0,VN,2021-07-24 00:36:43
167,Mandalgovi,45.7625,106.2708,294.12,40,100,1.76,MN,2021-07-24 00:43:49
168,Duartina,-22.4144,-49.4039,294.79,39,0,2.4,BR,2021-07-24 00:43:50
169,Vaitape,-16.5167,-151.75,298.85,68,16,5.62,PF,2021-07-24 00:35:35
170,Manavalakurichi,8.1333,77.3,297.2,85,100,6.37,IN,2021-07-24 00:43:50
171,Narsaq,60.9167,-46.05,282.27,75,28,1.6,GL,2021-07-24 00:35:38
172,Maturin,9.75,-63.1767,297.57,90,100,2.42,VE,2021-07-24 00:41:20
173,Wakefield,53.6809,-1.499,290.17,81,100,0.45,GB,2021-07-24 00:41:02
174,Urengoy,65.9667,78.3667,285.76,78,100,7.39,RU,2021-07-24 00:43:51
175,Gimbi,9.1667,35.8333,285.97,98,100,1.55,ET,2021-07-24 00:43:51
176,Pangnirtung,66.1451,-65.7125,280.97,71,15,1.19,CA,2021-07-24 00:36:42
177,Takoradi,4.8845,-1.7554,296.71,83,98,3.49,GH,2021-07-24 00:43:52
178,Altay,47.8667,88.1167,296.87,52,33,0.83,CN,2021-07-24 00:43:52
179,North Vanlaiphai,23.1333,93.0667,291.41,96,89,0.71,IN,2021-07-24 00:43:52
180,Meulaboh,4.1363,96.1285,298.95,81,87,1.8,ID,2021-07-24 00:43:52
181,Tiarei,-17.5333,-149.3333,302.16,66,5,4.23,PF,2021-07-24 00:43:53
182,Touros,-5.1989,-35.4608,296.65,85,18,6.97,BR,2021-07-24 00:42:44
183,Muros,42.7762,-9.0603,291.53,88,20,2.2,ES,2021-07-24 00:36:12
184,Kalundborg,55.6795,11.0886,289.89,79,0,2.95,DK,2021-07-24 00:43:53
185,Salalah,17.0151,54.0924,298.2,100,90,4.63,OM,2021-07-24 00:36:04
186,Kurilsk,45.2333,147.8833,292.34,83,75,1.89,RU,2021-07-24 00:43:54
187,Antonina,-25.4286,-48.7119,292.1,99,8,0.93,BR,2021-07-24 00:42:35
188,Anloga,5.7947,0.8973,297.51,84,11,5.08,GH,2021-07-24 00:43:55
189,Kahului,20.8947,-156.47,303.16,71,40,11.32,US,2021-07-24 00:43:55
190,Surt,31.2089,16.5887,298.86,69,0,1.86,LY,2021-07-24 00:43:55
191,Tual,-5.6667,132.75,299.64,80,100,7.79,ID,2021-07-24 00:35:20
192,Aksarka,66.5606,67.7975,283.69,83,6,4.12,RU,2021-07-24 00:34:38
193,Morondava,-20.2833,44.2833,293.08,65,13,9.04,MG,2021-07-24 00:36:37
194,Nanortalik,60.1432,-45.2371,278.88,88,92,4.68,GL,2021-07-24 00:34:53
195,Amapa,1.0,-52.0,294.95,91,16,1.35,BR,2021-07-24 00:37:21
196,Opuwo,-18.0607,13.84,284.37,12,0,3.81,NA,2021-07-24 00:43:57
197,Kaitangata,-46.2817,169.8464,284.78,62,16,2.08,NZ,2021-07-24 00:34:45
198,Weener,53.1667,7.35,289.15,94,1,3.05,DE,2021-07-24 00:43:57
199,Karratha,-20.7377,116.8463,296.41,36,0,7.68,AU,2021-07-24 00:43:58
200,Mirnyy,62.5353,113.9611,295.45,47,13,3.55,RU,2021-07-24 00:43:58
201,Soldato-Aleksandrovskoye,44.2653,43.7561,293.01,91,24,3.15,RU,2021-07-24 00:43:59
202,Moerai,-22.4333,-151.3333,295.44,65,100,4.56,PF,2021-07-24 00:43:59
203,Smithers,54.7804,-127.1743,289.33,77,75,2.57,CA,2021-07-24 00:43:57
204,Belaya Gora,68.5333,146.4167,291.63,38,26,3.89,RU,2021-07-24 00:44:00
205,Puerto Leguizamo,-0.1934,-74.7819,295.15,96,100,1.32,CO,2021-07-24 00:44:00
206,Sao Filipe,14.8961,-24.4956,296.75,75,30,3.54,CV,2021-07-24 00:36:05
207,Eyl,7.9803,49.8164,298.33,69,27,12.23,SO,2021-07-24 00:35:43
208,Ahuimanu,21.4447,-157.8378,304.99,63,75,6.69,US,2021-07-24 00:44:01
209,Birjand,32.8663,59.2211,295.41,18,0,2.06,IR,2021-07-24 00:44:01
210,Werda,-25.2667,23.2833,276.05,21,0,3.52,BW,2021-07-24 00:36:33
211,Payakumbuh,-0.2202,100.6308,297.55,78,94,1.1,ID,2021-07-24 00:44:01
212,Mongoumba,3.6415,18.5936,294.03,96,83,1.29,CF,2021-07-24 00:44:02
213,Namibe,-15.1961,12.1522,291.44,84,0,1.95,AO,2021-07-24 00:37:16
214,Norman Wells,65.282,-126.8329,286.53,81,95,1.97,CA,2021-07-24 00:35:07
215,Kudahuvadhoo,2.6708,72.8944,301.09,77,100,5.44,MV,2021-07-24 00:36:07
216,Whitianga,-36.8333,175.7,288.72,71,16,2.22,NZ,2021-07-24 00:44:03
217,Alta Floresta,-9.8756,-56.0861,297.61,39,48,1.95,BR,2021-07-24 00:44:03
218,Hilo,19.7297,-155.09,304.42,84,90,5.66,US,2021-07-24 00:31:27
219,Horki,54.2861,30.9842,285.81,92,5,2.07,BY,2021-07-24 00:44:03
220,West Bay,19.3667,-81.4167,303.19,79,40,0.0,KY,2021-07-24 00:39:51
221,Waipawa,-41.4122,175.5153,285.39,64,0,2.26,NZ,2021-07-24 00:44:04
222,Severo-Kurilsk,50.6789,156.125,287.32,89,94,3.55,RU,2021-07-24 00:35:34
223,Shikhazany,55.5605,47.393,286.5,96,5,3.12,RU,2021-07-24 00:44:04
224,Vicosa,-20.7539,-42.8819,287.14,85,0,1.26,BR,2021-07-24 00:44:05
225,Harnosand,62.6323,17.9379,287.59,79,10,3.86,SE,2021-07-24 00:44:05
226,Kavieng,-2.5744,150.7967,302.65,71,100,6.45,PG,2021-07-24 00:35:58
227,Manta,-0.95,-80.7333,296.03,88,90,5.66,EC,2021-07-24 00:40:06
228,San Cristobal,7.7669,-72.225,297.25,99,83,1.39,VE,2021-07-24 00:35:39
229,Victoria,22.2855,114.1577,304.24,92,5,0.89,HK,2021-07-24 00:30:49
230,Edd,13.9297,41.6925,302.87,65,100,3.2,ER,2021-07-24 00:44:06
231,Guatire,10.4762,-66.5427,298.43,98,100,0.83,VE,2021-07-24 00:44:06
232,Oarai,36.3167,140.6,303.4,71,29,3.11,JP,2021-07-24 00:44:07
233,Mpraeso,6.5932,-0.7346,292.25,94,86,1.94,GH,2021-07-24 00:44:07
234,Del Rio,29.3627,-100.8968,310.21,40,1,6.69,US,2021-07-24 00:44:07
235,Haines Junction,60.7522,-137.5108,293.12,40,38,5.14,CA,2021-07-24 00:37:23
236,Olga,43.7444,135.2892,303.53,63,41,2.02,RU,2021-07-24 00:44:08
237,Pokhara,28.2333,83.9833,297.0,88,99,0.3,NP,2021-07-24 00:36:48
238,Serro,-18.6047,-43.3794,284.8,85,100,1.8,BR,2021-07-24 00:44:08
239,Geraldton,-28.7667,114.6,286.0,94,75,4.63,AU,2021-07-24 00:31:13
240,Sao Felix Do Xingu,-6.6447,-51.995,296.19,50,70,0.85,BR,2021-07-24 00:44:09
241,Bagdarin,54.4333,113.6,286.07,96,100,2.19,RU,2021-07-24 00:44:09
242,Yerbogachen,61.2767,108.0108,295.69,49,100,1.89,RU,2021-07-24 00:35:46
243,Son La,21.3167,103.9,296.77,93,48,0.86,VN,2021-07-24 00:40:44
244,Talnakh,69.4865,88.3972,291.97,72,100,10.38,RU,2021-07-24 00:44:10
245,Berlevag,70.8578,29.0864,280.36,88,100,15.3,NO,2021-07-24 00:36:42
246,Maldonado,-34.6667,-54.9167,287.81,87,94,2.37,UY,2021-07-24 00:44:10
247,Najran,17.4924,44.1277,295.51,52,100,1.85,SA,2021-07-24 00:36:50
248,Daokou,35.5639,114.5058,299.76,84,39,1.61,CN,2021-07-24 00:44:11
249,Pisco,-13.7,-76.2167,290.18,77,75,7.72,PE,2021-07-24 00:34:04
250,Coxim,-18.5067,-54.76,296.38,34,0,1.53,BR,2021-07-24 00:44:11
251,Naze,28.3667,129.4833,299.66,90,100,11.92,JP,2021-07-24 00:35:11
252,Luderitz,-26.6481,15.1594,290.53,23,22,10.22,NA,2021-07-24 00:35:37
253,Pianoro,44.393,11.3423,297.46,75,40,1.54,IT,2021-07-24 00:44:12
254,Outlook,51.5001,-107.0513,301.46,18,5,6.58,CA,2021-07-24 00:44:12
255,Fortuna,40.5982,-124.1573,293.67,65,40,1.34,US,2021-07-24 00:34:05
256,La Ronge,55.1001,-105.2842,291.29,59,75,5.66,CA,2021-07-24 00:44:13
257,Changde,29.0464,111.6783,299.66,88,100,5.12,CN,2021-07-24 00:44:13
258,Port Victoria,0.0939,33.9756,293.9,63,100,0.63,KE,2021-07-24 00:44:13
259,Ayan,56.45,138.1667,288.43,90,89,5.97,RU,2021-07-24 00:36:52
260,Lagoa,39.05,-27.9833,294.14,96,82,5.43,PT,2021-07-24 00:37:11
261,Qaanaaq,77.484,-69.3632,278.47,73,82,1.29,GL,2021-07-24 00:35:27
262,Roald,62.5833,6.1333,287.68,94,44,4.63,NO,2021-07-24 00:44:14
263,Camargo,27.6667,-105.1667,304.16,26,19,4.91,MX,2021-07-24 00:44:14
264,Mount Gambier,-37.8333,140.7667,284.1,82,87,5.14,AU,2021-07-24 00:31:45
265,San Quintin,30.4833,-115.95,295.28,76,95,4.84,MX,2021-07-24 00:37:50
266,Dondo,-19.6094,34.7431,289.17,79,81,4.38,MZ,2021-07-24 00:44:15
267,Falavarjan,32.5553,51.5097,294.71,15,5,0.66,IR,2021-07-24 00:44:15
268,Saint-Augustin,51.226,-58.6502,282.95,90,100,4.85,CA,2021-07-24 00:36:29
269,Bubaque,11.2833,-15.8333,299.32,80,100,5.28,GW,2021-07-24 00:35:22
270,Puerto Madryn,-42.7692,-65.0385,281.99,40,79,4.34,AR,2021-07-24 00:34:12
271,Imbituba,-28.24,-48.6703,290.27,83,0,5.42,BR,2021-07-24 00:44:16
272,Oktyabrskiy,54.4815,53.471,290.01,57,95,0.78,RU,2021-07-24 00:44:16
273,North Branch,45.5113,-92.9802,305.59,66,46,6.06,US,2021-07-24 00:44:17
274,Kangasala,61.4638,24.076,281.96,72,5,2.32,FI,2021-07-24 00:44:17
275,Oxbow,49.2333,-102.1676,301.12,37,0,4.05,CA,2021-07-24 00:43:04
276,Hirara,24.8,125.2833,302.3,94,75,19.03,JP,2021-07-24 00:44:17
277,Agadez,19.75,10.25,305.83,17,7,5.11,NE,2021-07-24 00:37:44
278,Cabedelo,-6.9811,-34.8339,296.52,83,3,7.24,BR,2021-07-24 00:44:18
279,Itarema,-2.9248,-39.9167,299.25,78,52,6.78,BR,2021-07-24 00:44:18
280,Srednekolymsk,67.45,153.6833,291.09,44,100,2.17,RU,2021-07-24 00:36:05
281,Staryy Nadym,65.6118,72.6842,285.15,83,100,4.16,RU,2021-07-24 00:44:18
282,Otradnoye,59.7775,30.8181,288.18,74,75,1.91,RU,2021-07-24 00:42:38
283,Vila Franca Do Campo,37.7167,-25.4333,294.38,92,82,2.83,PT,2021-07-24 00:35:53
284,Asosa,10.0667,34.5333,287.83,98,100,0.75,ET,2021-07-24 00:44:19
285,Bautzen,51.1833,14.4333,292.97,88,91,2.3,DE,2021-07-24 00:44:19
286,Otofuke,42.9917,143.2003,297.68,74,66,1.76,JP,2021-07-24 00:44:20
287,Tura,25.5198,90.2201,297.38,94,75,3.36,IN,2021-07-24 00:37:55
288,Merritt Island,28.5392,-80.672,300.42,90,20,1.54,US,2021-07-24 00:40:18
289,Vygonichi,53.0985,34.0673,289.21,88,57,2.0,RU,2021-07-24 00:44:20
290,Fairbanks,64.8378,-147.7164,298.13,61,75,2.06,US,2021-07-24 00:41:37
291,Alofi,-19.0595,-169.9187,298.38,80,12,7.57,NU,2021-07-24 00:34:36
292,Kodiak,57.79,-152.4072,285.88,88,90,3.6,US,2021-07-24 00:34:40
293,Dindori,22.95,81.0833,296.88,92,100,2.6,IN,2021-07-24 00:44:21
294,Los Llanos De Aridane,28.6585,-17.9182,293.01,92,0,7.2,ES,2021-07-24 00:36:45
295,Deputatskiy,69.3,139.9,289.07,52,82,3.18,RU,2021-07-24 00:44:22
296,Samarkand,39.6542,66.9597,298.83,41,0,4.12,UZ,2021-07-24 00:44:22
297,Santa Maria,-29.6842,-53.8069,287.76,88,0,1.03,BR,2021-07-24 00:42:47
298,Bengkulu,-3.8004,102.2655,298.64,79,100,1.85,ID,2021-07-24 00:34:50
299,Hobyo,5.3505,48.5268,298.06,81,18,12.43,SO,2021-07-24 00:44:22
300,Mogadishu,2.0371,45.3438,298.13,82,100,10.27,SO,2021-07-24 00:36:22
301,Zyryanka,65.75,150.85,293.94,42,100,1.43,RU,2021-07-24 00:44:23
302,Vao,-22.6667,167.4833,294.81,79,0,3.5,NC,2021-07-24 00:34:51
303,Ketchikan,55.3422,-131.6461,287.41,94,90,5.14,US,2021-07-24 00:44:23
304,Pitimbu,-7.4706,-34.8086,296.48,80,1,6.79,BR,2021-07-24 00:44:24
305,East London,-33.0153,27.9116,284.74,65,100,1.56,ZA,2021-07-24 00:31:42
306,Taltal,-25.4,-70.4833,287.03,80,100,1.98,CL,2021-07-24 00:40:20
307,Peleduy,59.6289,112.7406,295.69,59,5,1.41,RU,2021-07-24 00:44:24
308,Acapulco,16.8634,-99.8901,302.05,74,90,5.66,MX,2021-07-24 00:44:25
309,Waddan,29.1614,16.139,297.06,54,0,2.83,LY,2021-07-24 00:44:25
310,Richards Bay,-28.783,32.0377,286.84,57,100,6.72,ZA,2021-07-24 00:36:08
311,Zhuanghe,39.7008,122.9911,300.42,68,67,1.0,CN,2021-07-24 00:44:26
312,Kjollefjord,70.9457,27.3465,280.28,89,100,14.0,NO,2021-07-24 00:36:27
313,Krasnystaw,50.9846,23.1742,291.26,73,100,0.89,PL,2021-07-24 00:44:26
314,Asmar,35.0333,71.3581,300.2,51,0,1.52,AF,2021-07-24 00:44:26
315,San Jose,37.3394,-121.895,309.88,40,20,4.02,US,2021-07-24 00:35:29
316,Malindi,-3.2175,40.1191,297.53,78,8,9.18,KE,2021-07-24 00:44:27
317,Bud,39.447,-86.1758,302.14,88,34,2.27,US,2021-07-24 00:34:39
318,Yarada,17.65,83.2667,298.33,94,75,1.03,IN,2021-07-24 00:44:27
319,Isangel,-19.55,169.2667,301.21,78,75,2.57,VU,2021-07-24 00:34:54
320,Diffa,13.3154,12.6113,299.9,62,81,3.82,NE,2021-07-24 00:43:16
321,Vagur,61.4732,-6.8119,283.5,93,8,6.14,FO,2021-07-24 00:34:32
322,Mezen,65.8522,44.24,278.49,92,100,3.6,RU,2021-07-24 00:44:29
323,Suzaka,36.65,138.3167,303.14,65,21,0.39,JP,2021-07-24 00:44:30
324,Knysna,-34.0363,23.0471,279.36,77,0,2.98,ZA,2021-07-24 00:44:30
325,Rocha,-34.4833,-54.3333,288.06,87,13,2.27,UY,2021-07-24 00:34:41
326,Cimislia,46.52,28.7842,286.23,59,97,2.5,MD,2021-07-24 00:44:31
327,Porto Walter,-8.2686,-72.7439,295.28,58,6,0.41,BR,2021-07-24 00:44:32
328,Sembe,1.6481,14.5806,293.77,94,81,0.93,CG,2021-07-24 00:44:32
329,Jurado,7.1053,-77.7641,298.62,91,100,2.75,CO,2021-07-24 00:36:12
330,The Valley,18.217,-63.0578,300.35,82,0,9.68,AI,2021-07-24 00:36:53
331,Grindavik,63.8424,-22.4338,286.24,100,90,7.72,IS,2021-07-24 00:34:39
332,Khonsa,27.0167,95.5667,295.18,95,96,0.55,IN,2021-07-24 00:44:33
333,Kimbe,-5.5502,150.1429,305.19,58,96,0.63,PG,2021-07-24 00:44:33
334,Coahuayana,18.7333,-103.6833,298.86,89,51,1.48,MX,2021-07-24 00:44:33
335,Mosquera,4.7059,-74.2302,288.2,67,40,2.06,CO,2021-07-24 00:44:34
336,Lavrentiya,65.5833,-171.0,284.89,68,5,4.58,RU,2021-07-24 00:35:32
337,Marsh Harbour,26.5412,-77.0636,301.41,74,100,4.27,BS,2021-07-24 00:35:17
338,Loralai,30.3705,68.598,298.65,44,71,0.75,PK,2021-07-24 00:44:34
339,Clyde River,70.4692,-68.5914,276.28,87,75,6.69,CA,2021-07-24 00:35:01
340,Ostrovnoy,68.0531,39.5131,279.46,95,100,10.98,RU,2021-07-24 00:44:35
341,Camacha,33.0833,-16.3333,292.83,78,20,5.66,PT,2021-07-24 00:35:09
342,Jacqueville,5.2052,-4.4146,298.1,80,99,6.11,CI,2021-07-24 00:44:35
343,Peniche,39.3558,-9.3811,291.86,91,86,4.17,PT,2021-07-24 00:40:04
344,Sibiti,-3.6819,13.3499,291.13,85,52,0.85,CG,2021-07-24 00:44:35
345,Shieli,44.1667,66.75,300.9,29,0,2.59,KZ,2021-07-24 00:35:08
346,Mumford,5.2618,-0.759,296.76,87,47,3.77,GH,2021-07-24 00:44:36
347,Pimentel,-6.8367,-79.9342,292.59,82,54,1.34,PE,2021-07-24 00:44:36
348,Dali,25.7,100.1833,293.12,83,35,1.02,CN,2021-07-24 00:44:37
349,Monterey,36.2505,-121.2516,298.62,25,0,4.96,US,2021-07-24 00:43:07
350,Saint-Pierre,-21.3393,55.4781,291.97,60,0,4.12,RE,2021-07-24 00:44:37
351,Stornoway,58.2093,-6.3865,288.11,93,96,1.03,GB,2021-07-24 00:44:38
352,Tarko-Sale,64.9225,77.785,286.25,80,99,5.53,RU,2021-07-24 00:44:38
353,Nizhniy Ingash,56.2,96.53,294.0,58,0,4.77,RU,2021-07-24 00:44:38
354,Zhob,31.3411,69.4481,298.99,51,13,0.09,PK,2021-07-24 00:44:39
355,Bambanglipuro,-7.95,110.2833,299.59,70,16,4.9,ID,2021-07-24 00:37:36
356,Tukrah,32.5341,20.5791,298.19,67,0,3.83,LY,2021-07-24 00:44:39
357,Bakal,54.9417,58.8083,285.32,93,100,0.9,RU,2021-07-24 00:44:40
358,Fernandina Beach,30.6697,-81.4626,301.2,88,1,0.89,US,2021-07-24 00:44:40
359,Krasnogorodsk,56.8357,28.2822,283.7,78,0,1.68,RU,2021-07-24 00:44:40
360,Raton,36.9034,-104.4391,300.49,40,75,6.17,US,2021-07-24 00:44:41
361,Bemidji,47.4736,-94.8803,304.31,69,1,0.0,US,2021-07-24 00:44:41
362,Kismayo,-0.3582,42.5454,297.71,80,51,9.54,SO,2021-07-24 00:44:42
363,Kamloops,50.6665,-120.3192,301.94,30,75,0.45,CA,2021-07-24 00:44:42
364,Fort Frances,48.5999,-93.4003,295.46,86,2,1.71,CA,2021-07-24 00:43:50
365,Neuquen,-38.9516,-68.0591,284.09,43,0,0.0,AR,2021-07-24 00:34:18
366,Envira,-7.3,-70.2167,296.56,60,22,0.85,BR,2021-07-24 00:44:43
367,Palmas,-10.2128,-48.3603,297.08,64,0,3.09,BR,2021-07-24 00:44:43
368,Bambous Virieux,-20.3428,57.7575,293.29,88,75,1.54,MU,2021-07-24 00:35:07
369,Airai,-8.9266,125.4092,295.97,22,75,1.63,TL,2021-07-24 00:44:43
370,Hambantota,6.1241,81.1185,298.34,100,75,4.63,LK,2021-07-24 00:35:14
371,Klaksvik,62.2266,-6.589,283.66,92,11,7.58,FO,2021-07-24 00:35:52
372,Celestun,20.8667,-90.4,301.06,78,100,7.26,MX,2021-07-24 00:37:47
373,Makakilo City,21.3469,-158.0858,304.33,56,40,5.14,US,2021-07-24 00:44:44
374,Ulaangom,49.9811,92.0667,296.0,52,2,0.65,MN,2021-07-24 00:44:44
375,Sola,-13.8833,167.55,299.52,89,90,3.09,VU,2021-07-24 00:36:21
376,Amalfi,6.9102,-75.0776,289.79,89,100,1.21,CO,2021-07-24 00:44:45
377,Iwaki,37.05,140.8833,303.16,72,62,1.34,JP,2021-07-24 00:44:45
378,Nelson Bay,-32.7167,152.15,290.42,70,55,1.34,AU,2021-07-24 00:36:13
379,Znamenskoye,57.1281,73.8282,292.84,74,8,2.81,RU,2021-07-24 00:37:19
380,Bhadreswar,22.8244,88.3506,300.09,89,100,3.52,IN,2021-07-24 00:44:46
381,Basco,20.4487,121.9702,302.12,80,100,13.68,PH,2021-07-24 00:44:46
382,Isabela,6.7085,121.9711,303.18,69,35,2.55,PH,2021-07-24 00:44:46
383,Xingyi,24.1877,102.817,292.62,89,78,1.16,CN,2021-07-24 00:44:47
384,Hofn,64.2539,-15.2082,285.2,99,100,1.68,IS,2021-07-24 00:36:05
385,Cabo Rojo,18.0866,-67.1457,301.89,84,98,3.4,PR,2021-07-24 00:42:22
386,Maragogi,-9.0122,-35.2225,296.2,79,58,5.01,BR,2021-07-24 00:36:23
387,Nsanje,-16.92,35.262,289.57,77,52,1.65,MW,2021-07-24 00:44:47
388,Tiquicheo,18.8833,-100.7333,300.5,74,11,1.04,MX,2021-07-24 00:44:48
389,Nioro,13.35,-15.75,296.49,78,31,2.79,GM,2021-07-24 00:37:18
390,Nome,64.5011,-165.4064,286.02,71,90,8.75,US,2021-07-24 00:34:44
391,Atambua,-9.1061,124.8925,300.11,36,86,0.37,ID,2021-07-24 00:44:48
392,Kutum,14.2,24.6667,295.92,66,100,5.9,SD,2021-07-24 00:44:49
393,Aripuana,-9.1667,-60.6333,297.76,46,13,0.75,BR,2021-07-24 00:42:50
394,Marawi,7.9986,124.2928,300.73,58,10,3.27,PH,2021-07-24 00:44:49
395,Gornja Radgona,46.6733,15.9922,291.79,85,0,0.85,SI,2021-07-24 00:44:50
396,Psebay,44.1234,40.8107,288.38,94,62,2.02,RU,2021-07-24 00:44:50
397,Obo,5.3998,26.4869,292.74,97,100,1.68,CF,2021-07-24 00:44:50
398,Okhotsk,59.3833,143.3,290.39,78,41,2.97,RU,2021-07-24 00:35:49
399,Aklavik,68.2191,-135.0107,292.55,33,36,1.84,CA,2021-07-24 00:44:51
400,Izvoarele,45.0333,25.2667,290.55,67,70,1.65,RO,2021-07-24 00:44:51
401,Pozhva,59.0912,56.0847,284.09,83,8,2.84,RU,2021-07-24 00:44:52
402,Khasan,42.4308,130.6434,300.45,74,54,1.56,RU,2021-07-24 00:44:52
403,Tazovskiy,67.4667,78.7,283.05,83,100,10.47,RU,2021-07-24 00:44:52
404,Severobaykalsk,55.65,109.3167,287.67,77,100,0.36,RU,2021-07-24 00:44:52
405,Provideniya,64.3833,-173.3,286.05,67,100,3.76,RU,2021-07-24 00:35:42
406,Sterling,39.0062,-77.4286,299.15,60,1,0.0,US,2021-07-24 00:44:49
407,Cootamundra,-34.65,148.0333,280.9,89,98,5.87,AU,2021-07-24 00:44:53
408,Mount Darwin,-16.7725,31.5838,284.0,85,19,3.78,ZW,2021-07-24 00:44:54
409,Kelvington,52.1667,-103.5343,298.96,22,4,8.95,CA,2021-07-24 00:44:54
410,Shakawe,-18.3667,21.85,279.34,22,0,2.66,BW,2021-07-24 00:44:54
411,Port Keats,-14.25,129.55,302.25,38,100,1.91,AU,2021-07-24 00:44:55
412,West Wendover,40.7391,-114.0733,307.71,18,1,2.57,US,2021-07-24 00:35:02
413,Corinto,37.9407,22.9573,299.09,49,0,1.15,GR,2021-07-24 00:44:55
414,Viedma,-40.8135,-62.9967,280.92,60,97,2.92,AR,2021-07-24 00:36:09
415,Santa Lucia,27.9117,-15.5407,291.91,68,20,12.86,ES,2021-07-24 00:44:56
416,Abha,18.2164,42.5053,290.29,77,40,0.0,SA,2021-07-24 00:43:14
417,Faanui,-16.4833,-151.75,298.84,68,18,5.66,PF,2021-07-24 00:35:14
418,Hollins,37.3413,-79.9431,300.43,66,50,1.19,US,2021-07-24 00:44:56
419,Havelock,34.8791,-76.9013,299.28,71,0,0.45,US,2021-07-24 00:44:56
420,Seminole,28.7086,-81.2081,299.47,93,90,2.06,US,2021-07-24 00:44:57
421,Vestmannaeyjar,63.4427,-20.2734,285.16,99,100,7.28,IS,2021-07-24 00:35:41
422,Bilma,18.6853,12.9164,304.67,42,5,5.6,NE,2021-07-24 00:44:57
423,Borovskiy,57.041,65.7202,289.37,88,100,1.47,RU,2021-07-24 00:44:58
424,Ojinaga,29.5667,-104.4167,309.68,23,1,4.63,MX,2021-07-24 00:44:58
425,Point Pleasant,40.0832,-74.0682,298.69,64,75,0.89,US,2021-07-24 00:44:58
426,Zaozerne,45.1582,33.2787,292.01,54,0,3.78,UA,2021-07-24 00:44:59
427,Kawalu,-7.3817,108.2082,296.8,90,78,1.57,ID,2021-07-24 00:44:59
428,Byron Bay,-28.65,153.6167,294.29,55,0,4.94,AU,2021-07-24 00:45:00
429,Soyaux,45.65,0.2,291.14,86,75,1.54,FR,2021-07-24 00:45:00
430,Broken Hill,-31.95,141.4333,283.99,66,0,7.72,AU,2021-07-24 00:37:44
431,General Roca,-39.0333,-67.5833,284.37,49,95,3.74,AR,2021-07-24 00:45:00
432,Coihaique,-45.5752,-72.0662,276.12,87,40,1.03,CL,2021-07-24 00:37:39
433,Aberdeen,57.1437,-2.0981,287.42,96,90,2.57,GB,2021-07-24 00:41:10
434,Banska Stiavnica,48.4486,18.91,286.14,77,9,1.49,SK,2021-07-24 00:45:01
435,Veracruz,19.3333,-96.6667,300.3,88,0,0.6,MX,2021-07-24 00:43:33
436,Dandong,40.1292,124.3947,302.12,67,93,0.52,CN,2021-07-24 00:45:01
437,Eureka,40.8021,-124.1637,293.82,69,2,2.24,US,2021-07-24 00:40:03
438,Christchurch,-43.5333,172.6333,284.82,70,0,2.68,NZ,2021-07-24 00:35:50
439,Pudozh,61.8099,36.5345,278.47,78,67,1.04,RU,2021-07-24 00:45:03
440,Sandpoint,48.2766,-116.5533,303.96,22,1,0.45,US,2021-07-24 00:44:42
441,Rio Grande,-32.035,-52.0986,288.71,85,0,3.63,BR,2021-07-24 00:35:21
442,Virginia Beach,36.8529,-75.978,300.19,66,75,2.06,US,2021-07-24 00:43:23
443,Barybino,55.2677,37.8933,289.29,77,0,4.0,RU,2021-07-24 00:45:04
444,Oriximina,-1.7656,-55.8661,299.59,64,43,1.94,BR,2021-07-24 00:45:04
445,Huntington,38.4193,-82.4452,298.11,82,4,1.65,US,2021-07-24 00:42:57
446,Stepnyak,52.8339,70.7803,294.59,41,35,3.17,KZ,2021-07-24 00:45:05
447,Lorengau,-2.0226,147.2712,302.12,77,93,4.17,PG,2021-07-24 00:37:55
448,Dhidhdhoo,6.8833,73.1,300.81,79,99,6.25,MV,2021-07-24 00:45:05
449,Talakan,50.3167,130.3667,302.62,54,50,4.99,RU,2021-07-24 00:45:06
450,Miguel Alves,-4.1656,-42.8953,295.48,54,9,1.38,BR,2021-07-24 00:45:06
451,Mbandaka,0.0487,18.2603,294.45,85,11,1.44,CD,2021-07-24 00:45:07
452,Turukhansk,65.8167,87.9833,295.24,65,53,8.94,RU,2021-07-24 00:45:07
453,Roi Et,15.75,103.75,300.18,94,100,7.88,TH,2021-07-24 00:42:15
454,Abu Dhabi,24.4667,54.3667,311.16,30,0,3.09,AE,2021-07-24 00:44:02
455,Honningsvag,70.9821,25.9704,280.63,86,100,14.81,NO,2021-07-24 00:45:07
456,San Felipe,10.3399,-68.7425,295.96,98,100,0.72,VE,2021-07-24 00:45:08
457,Sergokala,42.4547,47.6612,294.76,84,93,1.03,RU,2021-07-24 00:45:08
458,Rio Gallegos,-51.6226,-69.2181,275.18,80,0,5.66,AR,2021-07-24 00:45:09
459,Mount Isa,-20.7333,139.5,294.02,30,0,3.6,AU,2021-07-24 00:37:49
460,Olinda,-8.0089,-34.8553,296.0,78,75,2.57,BR,2021-07-24 00:43:44
461,Jackson,42.4165,-122.8345,309.5,19,1,1.54,US,2021-07-24 00:43:58
462,Cidreira,-30.1811,-50.2056,288.56,80,0,3.22,BR,2021-07-24 00:36:13
463,Faya,18.3851,42.4509,290.44,69,99,2.08,SA,2021-07-24 00:36:11
464,Lucapa,-8.4192,20.7447,290.6,36,2,1.94,AO,2021-07-24 00:45:10
465,Aguimes,27.9054,-15.4461,294.63,68,20,12.86,ES,2021-07-24 00:45:10
466,Oblivskaya,48.5362,42.5014,291.07,54,2,3.07,RU,2021-07-24 00:45:11
467,Bam,29.106,58.357,304.8,17,5,1.92,IR,2021-07-24 00:45:11
468,Doha,25.2867,51.5333,307.14,71,0,1.54,QA,2021-07-24 00:45:11
469,Guerrero Negro,27.9769,-114.0611,296.43,73,22,8.0,MX,2021-07-24 00:45:12
470,Beringovskiy,63.05,179.3167,284.8,85,100,3.1,RU,2021-07-24 00:35:51
471,Moyo,3.6609,31.7247,291.09,96,61,1.54,UG,2021-07-24 00:45:12
472,Avera,33.194,-82.5271,303.55,68,11,1.64,US,2021-07-24 00:36:10
473,Puerto Escondido,15.85,-97.0667,301.58,77,23,2.58,MX,2021-07-24 00:45:13
474,Kiama,-34.6833,150.8667,288.29,73,86,6.86,AU,2021-07-24 00:45:13
475,Ishigaki,24.3448,124.1572,300.22,94,75,12.35,JP,2021-07-24 00:45:14
476,Ishurdi,24.1333,89.0833,298.94,96,100,5.32,BD,2021-07-24 00:45:14
477,Lata,40.1629,-8.3327,289.29,98,20,1.09,PT,2021-07-24 00:45:14
478,Sao Gabriel Da Cachoeira,-0.1303,-67.0892,295.49,98,100,0.52,BR,2021-07-24 00:45:15
479,Thunder Bay,48.4001,-89.3168,298.14,84,90,4.12,CA,2021-07-24 00:42:03
480,Yatou,37.15,122.3833,301.61,62,0,2.23,CN,2021-07-24 00:45:15
481,Kananga,-5.8958,22.4178,293.61,36,11,2.02,CD,2021-07-24 00:45:16
482,San Buenaventura,27.0833,-101.5333,307.73,35,81,8.77,MX,2021-07-24 00:45:06
483,Moorhead,46.8739,-96.7676,307.03,59,1,2.57,US,2021-07-24 00:45:16
484,Pozo Colorado,-23.4923,-58.7972,295.47,32,0,2.8,PY,2021-07-24 00:45:16
485,Aden,12.7794,45.0367,301.97,70,100,1.42,YE,2021-07-24 00:42:55
486,Benghazi,32.1167,20.0667,298.96,68,0,4.72,LY,2021-07-24 00:45:17
487,Podgornoye,51.735,39.1496,287.27,82,0,3.0,RU,2021-07-24 00:45:17
488,Saint-Leu,-21.15,55.2833,291.63,61,2,2.42,RE,2021-07-24 00:45:18
489,Saint Anthony,45.0205,-93.218,305.51,64,1,1.79,US,2021-07-24 00:35:04
490,Leshukonskoye,64.8989,45.7622,275.99,95,2,2.01,RU,2021-07-24 00:45:18
491,Moree,-29.4667,149.85,284.16,82,90,5.14,AU,2021-07-24 00:45:19
492,Esperance,-33.8667,121.9,282.06,75,79,9.83,AU,2021-07-24 00:35:44
493,San Ignacio,17.1561,-89.0714,298.28,81,100,1.74,BZ,2021-07-24 00:45:19
494,Berdigestyakh,62.0989,126.6992,289.13,97,100,4.18,RU,2021-07-24 00:45:20
495,Wolfville,45.0835,-64.3655,290.91,82,62,1.03,CA,2021-07-24 00:45:20
496,Worthington,40.0931,-83.018,298.27,70,93,0.36,US,2021-07-24 00:45:20
497,Nemuro,43.3236,145.575,298.39,91,100,4.99,JP,2021-07-24 00:43:41
498,Alice Springs,-23.7,133.8833,286.9,38,73,3.09,AU,2021-07-24 00:37:00
499,Half Moon Bay,37.4636,-122.4286,308.05,70,20,0.45,US,2021-07-24 00:45:13
500,Lazaro Cardenas,17.9583,-102.2,301.74,82,92,2.55,MX,2021-07-24 00:40:55
501,Shimoda,34.6667,138.95,301.35,71,9,2.32,JP,2021-07-24 00:45:21
502,Verkhnyaya Inta,65.9811,60.3094,286.57,55,99,3.81,RU,2021-07-24 00:45:22
503,Teya,60.3778,92.6267,295.55,53,0,0.86,RU,2021-07-24 00:45:22
504,Sachin,21.0833,72.8833,301.09,89,75,2.06,IN,2021-07-24 00:45:23
505,Baena,37.6167,-4.3225,301.13,33,0,1.94,ES,2021-07-24 00:45:23
506,Markova,48.6758,24.4138,288.95,85,100,1.04,UA,2021-07-24 00:45:24
507,Charters Towers,-20.1,146.2667,296.64,31,3,3.24,AU,2021-07-24 00:45:24
508,Gazli,40.1333,63.45,303.1,13,0,4.14,UZ,2021-07-24 00:45:24
509,Luwuk,-0.9516,122.7875,299.33,78,92,3.18,ID,2021-07-24 00:45:25
510,Jinchang,38.4953,102.1739,300.99,40,22,2.76,CN,2021-07-24 00:45:25
511,Mahina,-17.5065,-149.489,302.02,54,40,3.6,PF,2021-07-24 00:41:46
512,Chirala,15.8167,80.35,299.46,78,100,6.26,IN,2021-07-24 00:45:26
513,Nara,34.6851,135.8049,305.35,48,30,1.91,JP,2021-07-24 00:45:27
514,Canaries,28.0,-15.5,292.26,68,20,12.86,ES,2021-07-24 00:45:27
515,Valparaiso,-33.0393,-71.6273,285.08,79,90,2.57,CL,2021-07-24 00:41:00
516,Tezu,27.9167,96.1667,300.13,90,56,0.48,IN,2021-07-24 00:45:28
517,Ndele,8.4109,20.6473,293.7,95,99,1.51,CF,2021-07-24 00:35:43
518,Strezhevoy,60.7333,77.5889,294.14,69,14,4.15,RU,2021-07-24 00:45:28
519,Smolenka,52.1352,113.4974,291.19,63,40,0.0,RU,2021-07-24 00:45:28
520,Mildura,-34.2,142.15,285.13,66,75,6.17,AU,2021-07-24 00:45:29
521,Lhokseumawe,5.1801,97.1507,299.14,79,96,1.86,ID,2021-07-24 00:45:29
522,Yumen,40.2833,97.2,299.99,37,82,2.2,CN,2021-07-24 00:37:03
523,Port Augusta,-32.5,137.7667,285.23,61,100,7.68,AU,2021-07-24 00:36:09
524,Lamu,-2.2717,40.902,298.27,78,5,8.42,KE,2021-07-24 00:45:30
525,Kalugumalai,9.15,77.7167,300.06,65,100,5.7,IN,2021-07-24 00:45:30
526,Praya,14.9215,-23.5087,297.45,73,75,5.14,CV,2021-07-24 00:45:30
527,Coquimbo,-29.9533,-71.3436,285.0,87,90,1.03,CL,2021-07-24 00:43:36
528,Chaykovskaya,58.1279,55.5378,282.09,76,68,2.09,RU,2021-07-24 00:45:31
529,Gazanjyk,39.2446,55.5154,301.56,61,0,3.41,TM,2021-07-24 00:45:32
530,Plettenberg Bay,-34.0527,23.3716,281.61,73,0,3.07,ZA,2021-07-24 00:36:38
531,Manjacaze,-24.7117,33.8828,287.62,76,47,4.75,MZ,2021-07-24 00:45:32
532,Tete,-16.1564,33.5867,294.2,60,75,6.26,MZ,2021-07-24 00:45:32
533,Russell,32.3502,-85.1999,301.99,85,40,4.12,US,2021-07-24 00:45:33
534,Papagaios,-19.4492,-44.7478,287.7,60,0,2.72,BR,2021-07-24 00:45:33
535,Araouane,18.9048,-3.5265,305.17,38,16,3.34,ML,2021-07-24 00:36:09
536,Manaure,11.7751,-72.4445,301.0,74,100,8.98,CO,2021-07-24 00:45:34
537,Pala,9.3642,14.9046,293.93,97,47,2.41,TD,2021-07-24 00:45:34
538,Dera Ghazi Khan,30.0561,70.6348,306.48,47,42,3.01,PK,2021-07-24 00:45:35
539,Porto Novo,6.4965,2.6036,297.16,79,10,3.42,BJ,2021-07-24 00:36:23
540,Baykit,61.67,96.37,297.04,55,10,0.67,RU,2021-07-24 00:45:35
541,Karasjok,69.4719,25.5112,281.21,79,100,7.47,NO,2021-07-24 00:45:35
542,Kirksville,40.1948,-92.5833,303.12,62,1,2.57,US,2021-07-24 00:45:36
543,Namatanai,-3.6667,152.4333,302.42,69,23,3.53,PG,2021-07-24 00:36:16
544,Pailitas,8.9565,-73.6255,299.97,80,100,1.46,CO,2021-07-24 00:45:36
545,Karaton,-6.3424,106.1045,300.35,84,34,0.78,ID,2021-07-24 00:45:37
546,Payo,-3.7508,103.6372,297.14,92,78,1.07,ID,2021-07-24 00:37:41
547,Hailar,49.2,119.7,296.5,54,100,3.48,CN,2021-07-24 00:45:37
548,Ust-Nera,64.5667,143.2,292.2,68,100,1.38,RU,2021-07-24 00:45:38
549,Margate,51.3813,1.3862,291.1,88,99,1.34,GB,2021-07-24 00:45:17
550,Quarai,-30.3875,-56.4514,288.43,75,0,3.22,BR,2021-07-24 00:45:38
551,Nouadhibou,20.931,-17.0347,293.14,94,0,5.14,MR,2021-07-24 00:41:01
552,Wajima,37.4,136.9,302.53,74,75,1.54,JP,2021-07-24 00:43:12
553,Elko,41.0002,-115.5012,309.16,9,48,4.02,US,2021-07-24 00:45:12
554,Sisimiut,66.9395,-53.6735,278.98,93,100,0.91,GL,2021-07-24 00:45:39
555,Constitucion,-35.3333,-72.4167,284.72,80,72,1.75,CL,2021-07-24 00:36:41
556,Kruisfontein,-34.0033,24.7314,278.67,81,6,2.45,ZA,2021-07-24 00:36:02
557,Beloha,-25.1667,45.05,290.49,54,100,3.74,MG,2021-07-24 00:45:39
